ProblemSize,AvgE2ETime,AvgAlgoTime
2,0.000001613,0.000000197
4,0.000001363,0.000000411
8,0.000004978,0.000002380
16,0.000030139,0.000018105
32,0.000192827,0.000147811
64,0.001313292,0.001151282
128,0.008261698,0.007614156
256,0.047585454,0.045381289
512,0.420619309,0.411914593
1024,4.237257852,4.202515840
2048,64.909116374,64.781333048
4096,501.728528054,501.219774054
