ProblemSize,AvgE2ETime,AvgAlgoTime
2,0.000001509,0.000000281
4,0.000001650,0.000000449
8,0.000007291,0.000002314
16,0.000030160,0.000016547
32,0.000186395,0.000134842
64,0.001361527,0.001152332
128,0.007780924,0.006950022
256,0.049063981,0.046216343
512,0.337498563,0.328871341
1024,2.548964887,2.512166305
2048,18.414215207,18.275819979
4096,144.319531761,143.773583942
